State/UT,Capital,Specialized Clothing,Description
Andhra Pradesh,Amaravati,Traditional sarees and ethnic wear,For local cultural events and festivals.
Arunachal Pradesh,Itanagar,Winter essentials,"Like jackets, thermal wear, and woolen scarves for the cold climate."
Assam,Dispur,Lightweight cotton clothing,Suited for the humid weather conditions.
Bihar,Patna,Formal office wear,"Including suits, blazers, and shirts for professionals."
Chhattisgarh,Raipur,Comfortable and casual clothing,Suitable for daily use.
Goa,Panaji,Summer and beachwear,"Such as shorts, dresses, and light shirts for the coastal climate."
Gujarat,Gandhinagar,Vibrant festive wear,For Navratri and other traditional celebrations.
Haryana,Chandigarh,Activewear,"Including tracksuits and yoga attire, for the fitness-focused population."
Himachal Pradesh,Shimla,Heavy-duty winter gear,"Including gloves, coats, and woolen caps for snowy weather."
Jharkhand,Ranchi,Everyday casual clothing,Suitable for mixed rural and urban environments.
Karnataka,Bengaluru,Trendy and modern urban fashion,Catering to the tech-savvy population.
Kerala,Thiruvananthapuram,Cotton and linen wear,Ideal for the tropical and humid conditions.
Madhya Pradesh,Bhopal,Multi-purpose clothing,For diverse weather patterns in the region.
Maharashtra,Mumbai,Central warehouse and dispatch hub,
Manipur,Imphal,Traditional handwoven garments,Reflecting the cultural heritage of the region.
Meghalaya,Shillong,Rain-resistant apparel,Such as raincoats and waterproof jackets.
Mizoram,Aizawl,Ceremonial and cultural attire,For local festivals and celebrations.
Nagaland,Kohima,Accessories,"Like caps, scarves, and gloves, suited to the local style."
Odisha,Bhubaneswar,Ethnic and casual wear,For local festivities and daily use.
Punjab,Chandigarh,Thermal wear,And heavy winter clothing for the cold season.
Rajasthan,Jaipur,Designer lehengas and sarees,For royal celebrations and weddings.
Sikkim,Gangtok,Hiking and trekking gear,Including jackets and boots for adventurous terrain.
Tamil Nadu,Chennai,Light cotton wear,Perfect for the region’s warm climate.
Telangana,Hyderabad,Modern fashion,Catering to urban lifestyles.
Tripura,Agartala,Handloom sarees,For cultural and festive occasions.
Uttar Pradesh,Lucknow,Chikankari embroidery wear,Including kurtas and sarees.
Uttarakhand,Dehradun,Outdoor and trekking apparel,For the region’s hilly terrain.
West Bengal,Kolkata,Festive sarees,For celebrations like Durga Puja.
Andaman and Nicobar Islands,Port Blair,Light beachwear,For the tropical climate.
Chandigarh,Chandigarh,Versatile casual clothing,Suitable for all seasons.
Dadra and Nagar Haveli and Daman and Diu,Silvassa,Summer-friendly outfits,For coastal areas.
Delhi,New Delhi,Modern and chic urban fashion,For the metropolitan population.
Jammu and Kashmir,"Srinagar (Summer), Jammu (Winter)",Thermal wear,And woolen clothing for cold weather conditions.
Ladakh,Leh,Adventure gear,For high-altitude trekking.
Lakshadweep,Kavaratti,Light cotton wear,For the tropical lifestyle.
Puducherry,Puducherry,Relaxed summer clothing,For coastal living.
